{
  "project_info": {
    "project_number": "348476640978",
    "project_id": "urna-ed2fe",
    "storage_bucket": "urna-ed2fe.appspot.com"
  },
  "client": [
    {
      "client_info": {
        "mobilesdk_app_id": "1:348476640978:android:211a8bde3d0f420016670b",
        "android_client_info": {
          "package_name": "com.example.urna"
        }
      },
      "oauth_client": [
        {
          "client_id": "348476640978-fbtekr6hlduqod6pjpie5ql83r40qg3h.apps.googleusercontent.com",
          "client_type": 3
        }
      ],
      "api_key": [
        {
          "current_key": "AIzaSyDtDILypGRvVHNl_ZPrXjgkCJJPBmvCPt0"
        }
      ],
      "services": {
        "appinvite_service": {
          "other_platform_oauth_client": [
            {
              "client_id": "348476640978-fbtekr6hlduqod6pjpie5ql83r40qg3h.apps.googleusercontent.com",
              "client_type": 3
            }
          ]
        }
      }
    }
  ],
  "configuration_version": "1"
}